scenario_id,device_a_coordinates,device_b_coordinates,link_distance_m,noise_dbm,noise_floor_dbm,rssi_dbm,snr_db,tx_power_dbm,channel_bandwidth_mhz,channel_utilization_pct,available_channels_mhz,spectral_scan_dbm,fresnel_clear_pct,weather_temp_c,weather_humidity_pct,weather_condition,image_obstruction_detected,image_obstruction_type,environment_type,area_density,recommended_channel_mhz,expected_throughput_mbps
0,"[35.224651499279496, 35.489783707606954, 129.8864460300038]","[35.105400052130946, 35.561984031007256, 493.103047704773]",14795.478534408972,-91.97565727841881,-97.70381418179804,-100.25172879502935,-5.209917546618669,24.02649947180472,160,44.149041254675645,"[4905, 5015, 5020, 5030, 5095, 5100, 5175, 5255, 5330, 5335, 5340, 5355, 5385, 5440, 5470, 5650, 5790, 5870, 5875, 5930, 5935, 5980, 6010, 6090]","{""4905"": -91.42681965190714, ""5015"": -92.37928733318077, ""5020"": -91.20035807427294, ""5030"": -89.88734609681195, ""5095"": -92.52312094350899, ""5100"": -92.52309631684776, ""5175"": -89.80307165816289, ""5255"": -91.02073878769463, ""5330"": -92.87610246032641, ""5335"": -91.35805081604504, ""5340"": -92.86701742064268, ""5355"": -92.87048551177936, ""5385"": -91.80894747407494, ""5440"": -95.04181124841068, ""5470"": -94.75926763019353, ""5650"": -93.01532217528545, ""5790"": -93.69113756192561, ""5870"": -91.70051988253107, ""5875"": -93.53392699470581, ""5930"": -94.29034643342692, ""5935"": -89.97341772804165, ""5980"": -92.51055533215379, ""6010"": -92.0705985743921, ""6090"": -94.30901316074417}",68.74551899214413,-3.5995306864106937,51.64413647639528,Snow,False,None,Urban,Low,5440,0.8392512547182491
1,"[34.37827463901553, 35.24965232570642, 830.4543579652031]","[34.251914698439066, 35.18760581012855, 567.6326205475268]",15162.160543774226,-75.34957846328896,-82.19212023141014,-149.28444252665184,-71.62044723829166,27.329673335105394,160,68.34537661087022,"[4990, 5105, 5115, 5165, 5210, 5240, 5245, 5350, 5365, 5370, 5385, 5480, 5490, 5580, 5610, 5675, 5710, 5715, 5725, 5755, 5770, 5780, 5795, 5830, 5965, 6080, 6095]","{""4990"": -75.5410641893283, ""5105"": -74.55810621797573, ""5115"": -76.45098046867398, ""5165"": -74.16094307502202, ""5210"": -75.62544813741873, ""5240"": -75.16203072723044, ""5245"": -75.62705002088462, ""5350"": -71.94607282577712, ""5365"": -74.74473593964743, ""5370"": -76.31105649597437, ""5385"": -73.49067273438574, ""5480"": -76.55575557749705, ""5490"": -74.41119471003339, ""5580"": -77.66399528836018, ""5610"": -76.71676917588817, ""5675"": -74.42919824873684, ""5710"": -73.61679023254742, ""5715"": -74.46743768075557, ""5725"": -74.89796252612288, ""5755"": -75.17614564592446, ""5770"": -76.94227308809167, ""5780"": -75.80425641513258, ""5795"": -75.4154482589802, ""5830"": -73.13880676321216, ""5965"": -74.20906266818784, ""6080"": -77.36905033558463, ""6095"": -74.23836414844834}",17.978584937618045,28.1148763021014,63.30141089425715,Rain,True,Building,Urban,High,5580,0.25349795056404145
2,"[33.68714421589231, 35.06420048780807, 287.3304780128783]","[33.617466478685024, 34.97749534088397, 848.9041943298737]",11155.11599697914,-112.02562676804914,-113.14266932425319,-90.39649849572871,20.603632408753327,24.899779641832133,80,17.51705880756388,"[4900, 4910, 4960, 4980, 5015, 5040, 5045, 5075, 5095, 5100, 5180, 5220, 5240, 5275, 5335, 5360, 5385, 5390, 5410, 5440, 5445, 5455, 5480, 5495, 5530, 5550, 5575, 5585, 5605, 5645, 5660, 5700, 5720, 5770, 5820, 5860, 5865, 5880, 5910, 5945, 5950, 6000, 6010, 6020, 6035, 6040, 6045]","{""4900"": -110.31892804027255, ""4910"": -110.75668762010702, ""4960"": -108.82379018638677, ""4980"": -108.19480533590415, ""5015"": -108.34438444097378, ""5040"": -111.00013090448203, ""5045"": -110.2051231834249, ""5075"": -109.24440947254273, ""5095"": -108.27798692896454, ""5100"": -110.46006597641602, ""5180"": -110.01979308464381, ""5220"": -111.14266932425319, ""5240"": -111.14266932425319, ""5275"": -108.52251588605678, ""5335"": -107.70694457679184, ""5360"": -109.84931980201858, ""5385"": -108.23600527281005, ""5390"": -109.19885058207663, ""5410"": -110.70898425155576, ""5440"": -109.19921121138546, ""5445"": -107.43424976994913, ""5455"": -109.79504367831301, ""5480"": -107.39433913592707, ""5495"": -111.14266932425319, ""5530"": -108.50845086308524, ""5550"": -109.61073401729082, ""5575"": -110.18981564534688, ""5585"": -109.60366345484482, ""5605"": -111.14266932425319, ""5645"": -110.07081245140435, ""5660"": -109.20563576238047, ""5700"": -107.5244635525358, ""5720"": -110.51870994705855, ""5770"": -110.95404502398786, ""5820"": -110.49394018502488, ""5860"": -108.36820144309497, ""5865"": -109.24817795515855, ""5880"": -110.53594492529864, ""5910"": -108.97140346997804, ""5945"": -109.59568829562602, ""5950"": -108.28833713384874, ""6000"": -110.79438426046411, ""6010"": -110.23279783954473, ""6020"": -110.32946684934632, ""6035"": -111.14266932425319, ""6040"": -109.29712420405122, ""6045"": -109.34972171137825}",90.93447851590996,25.80561726885936,43.600841059885845,Storm,False,None,Rural,Low,5040,199.92806725474568
3,"[35.28588659715619, 36.01536334920865, 100.23768640394596]","[35.323476655226116, 36.11786415366039, 459.3582793699826]",10197.44189135544,-96.90381932224567,-100.81266498647724,-95.55931225629844,3.213185865763279,12.237354506417901,80,27.040287218639357,"[4970, 4985, 5000, 5005, 5060, 5110, 5170, 5205, 5235, 5440, 5505, 5520, 5575, 5580, 5590, 5600, 5625, 5675, 5740, 5780, 5830, 5835, 5865, 5870, 5880, 5940, 6020, 6030, 6100]","{""4970"": -96.6417718240224, ""4985"": -97.00132270904882, ""5000"": -98.77249812206172, ""5005"": -97.28040999313413, ""5060"": -97.16351378377625, ""5110"": -97.85285791281852, ""5170"": -96.89137057648512, ""5205"": -96.04336572376428, ""5235"": -93.8201631571703, ""5440"": -96.38757528973834, ""5505"": -96.26311642290194, ""5520"": -96.76111088263535, ""5575"": -98.81266498647724, ""5580"": -96.68921282215992, ""5590"": -96.55909669407455, ""5600"": -92.95457884025816, ""5625"": -96.93798345615778, ""5675"": -96.19712099548568, ""5740"": -96.70150966354396, ""5780"": -98.4024590654154, ""5830"": -94.93520778721357, ""5835"": -95.52154245995594, ""5865"": -95.46289408842152, ""5870"": -98.01352319117821, ""5880"": -94.54525054258195, ""5940"": -98.75221860317451, ""6020"": -95.76915636828569, ""6030"": -93.36375857027113, ""6100"": -98.13524649668213}",74.66584665657942,30.838007603532112,31.46294514122261,Cloudy,False,None,Rural,High,5000,3.4335920804956803
4,"[35.98544806998268, 36.29975611527891, 397.09957510348113]","[35.990720822293355, 36.18605737403939, 206.10411664324383]",10246.510375229698,-100.59523024226958,-102.42676451275881,-86.26038628025651,14.166378232502296,28.108400260122558,80,17.289917271871737,"[5065, 5170, 5200, 5255, 5505, 5520, 5555, 5590, 5630, 5635, 5755, 5825, 6025, 6095]","{""5065"": -99.89301772541323, ""5170"": -98.89409408337761, ""5200"": -99.79878461218337, ""5255"": -100.42676451275881, ""5505"": -98.94072666880002, ""5520"": -100.42676451275881, ""5555"": -98.3331824850563, ""5590"": -100.42270748235977, ""5630"": -96.71866952348276, ""5635"": -100.21845106951342, ""5755"": -99.52666340531758, ""5825"": -97.82329530495457, ""6025"": -100.42676451275881, ""6095"": -98.70238122910287}",85.59540400436228,21.03431155395055,21.577569500529417,Rain,True,Billboard,Rural,Medium,5255,49.98335067657932
5,"[33.57122974308563, 35.19386162845765, 390.7908082537079]","[33.548303329991604, 35.18396902886865, 657.5228852665663]",2709.0912041114957,-105.4944527254301,-107.01612399295658,-74.19110838520898,30.825015607747602,18.972270956662637,160,17.091384716252485,"[4915, 4960, 4995, 5015, 5025, 5215, 5255, 5465, 5490, 5590, 5600, 5730, 5860, 5930, 5970, 5985, 5995, 6000, 6015, 6080, 6085]","{""4915"": -101.68809908423273, ""4960"": -105.01612399295658, ""4995"": -103.37186242785792, ""5015"": -103.25898902428375, ""5025"": -102.47607890799041, ""5215"": -105.01612399295658, ""5255"": -105.01612399295658, ""5465"": -102.86590086723103, ""5490"": -103.20333620580661, ""5590"": -103.27307394013756, ""5600"": -103.12914090141092, ""5730"": -104.66885029802411, ""5860"": -103.30043266991487, ""5930"": -103.20920450570836, ""5970"": -104.72034034269593, ""5985"": -100.85015144893924, ""5995"": -102.9380638342887, ""6000"": -105.01612399295658, ""6015"": -102.66398280270563, ""6080"": -105.01612399295658, ""6085"": -102.4681863100427}",67.12144359269547,25.370448310864266,69.00916161993436,Storm,False,None,Rural,Medium,4960,1297.534480140314
6,"[34.44407525391312, 36.72930078806043, 812.686364631941]","[34.343466390333575, 36.57994740156585, 354.4274730410928]",17690.440672986693,-105.76877549275471,-108.14243809671123,-89.63065993182549,15.365106047679248,29.374187299383177,20,29.721194934175674,"[4950, 4960, 4970, 4985, 5000, 5050, 5100, 5135, 5200, 5215, 5415, 5435, 5510, 5540, 5550, 5575, 5625, 5640, 5645, 5660, 5690, 5760, 5985, 5990, 6000, 6025, 6030, 6045, 6075, 6100]","{""4950"": -102.02684913346607, ""4960"": -104.99576597950474, ""4970"": -102.3196783081107, ""4985"": -103.14557111157242, ""5000"": -102.53165226198544, ""5050"": -100.91955302799626, ""5100"": -104.13282467598148, ""5135"": -104.89534674851342, ""5200"": -105.09901414641546, ""5215"": -104.98845792942534, ""5415"": -103.88039506609833, ""5435"": -103.25301453975221, ""5510"": -103.34970630298214, ""5540"": -102.52396762842314, ""5550"": -103.74523966416032, ""5575"": -101.5844413862412, ""5625"": -104.1617277518341, ""5640"": -99.68448875209275, ""5645"": -102.82624148032967, ""5660"": -105.0504788366016, ""5690"": -105.37108124906885, ""5760"": -103.0410338791124, ""5985"": -104.09993667996595, ""5990"": -102.69374176083903, ""6000"": -103.05488606511686, ""6025"": -103.87398587096249, ""6030"": -105.03493307907978, ""6045"": -106.03701333900598, ""6075"": -104.43451493007771, ""6100"": -102.48014431049197}",90.56768610954131,27.73980066920764,41.393692171019026,Fog,False,None,Rural,Medium,4960,16.501980234046048
7,"[33.61277759827061, 36.43238360157883, 218.6239275911822]","[33.58151335230799, 36.48389066846682, 273.49738641989217]",5902.86821638487,-107.41563684866809,-109.1208713468044,-86.98744978168274,20.133421565121665,15.304008295008027,80,10.23469321456474,"[5100, 5210, 5260, 5285, 5370, 5460, 5575, 5595, 5680, 5735, 5800, 5930, 5965, 6025]","{""5100"": -105.98095527344393, ""5210"": -107.1208713468044, ""5260"": -106.04232450086245, ""5285"": -105.72411982004597, ""5370"": -107.1208713468044, ""5460"": -106.07150823072094, ""5575"": -106.21478281197022, ""5595"": -107.1208713468044, ""5680"": -105.76541484911681, ""5735"": -105.46091910008687, ""5800"": -104.67751902487632, ""5930"": -104.72139281158687, ""5965"": -107.1208713468044, ""6025"": -107.1208713468044}",65.32604099094863,38.9795115099067,89.67637487791356,Rain,False,None,Rural,Medium,5210,182.82198087446926
8,"[33.31075950575463, 36.756253929947185, 241.69699973097926]","[33.427673317856346, 36.828978935141485, 144.12587924861646]",14649.768338629729,-99.926121286265,-101.93509130282415,-99.17578572455125,-1.6573254508487167,28.16318092437144,20,44.69836063659967,"[4900, 4955, 5065, 5105, 5235, 5250, 5325, 5440, 5465, 5605, 5710, 5715, 5845, 5885, 5960]","{""4900"": -95.58666955108319, ""4955"": -95.58854352552785, ""5065"": -95.5866509224371, ""5105"": -90.5801252159141, ""5235"": -95.50288668585642, ""5250"": -94.65587399162527, ""5325"": -94.92821980665637, ""5440"": -95.38213557493748, ""5465"": -96.8321263188567, ""5605"": -95.22076862115627, ""5710"": -97.51846027370253, ""5715"": -96.71445036200619, ""5845"": -97.08726777363982, ""5885"": -96.23641124281669, ""5960"": -92.88723460188591}",56.19785217800991,28.7277727955235,65.36223702726679,Rain,False,None,Rural,High,5710,0.25479683101024686
9,"[33.2257315802213, 36.766212786600285, 814.0160715461044]","[33.23940866698295, 36.86659129256609, 526.3460620083656]",9459.193449613034,-91.6333674184378,-93.31397972515583,-88.45486116178859,2.8358828399446736,14.990594784458489,20,35.30166890387737,"[4930, 5035, 5095, 5100, 5105, 5125, 5200, 5215, 5240, 5325, 5420, 5425, 5615, 5690, 5755, 5795, 5840, 5855, 5895, 5900, 5905, 5920, 5925, 5935, 6005, 6010, 6015, 6025, 6030, 6035, 6040, 6090]","{""4930"": -91.29074400173326, ""5035"": -87.46045592728387, ""5095"": -90.90892001963012, ""5100"": -89.19774401152979, ""5105"": -86.8564203173946, ""5125"": -88.39342618420245, ""5200"": -90.10646337973961, ""5215"": -89.5628017767356, ""5240"": -87.47044958944363, ""5325"": -89.58539616042135, ""5420"": -88.16515832847269, ""5425"": -88.42148845298992, ""5615"": -89.46724673425437, ""5690"": -85.27393007885766, ""5755"": -87.53896767936862, ""5795"": -91.31397972515583, ""5840"": -88.2101647406915, ""5855"": -89.48252590999823, ""5895"": -87.21119621065131, ""5900"": -89.6786273204947, ""5905"": -88.66195087504599, ""5920"": -87.73236529437496, ""5925"": -87.19121342159046, ""5935"": -90.2902908234293, ""6005"": -88.99159806660707, ""6010"": -89.20226417958708, ""6015"": -89.46984006170621, ""6025"": -85.841664852424, ""6030"": -87.8823736464042, ""6035"": -90.38117214434821, ""6040"": -87.11305329226347, ""6090"": -85.30661191732669}",74.58606061309024,-3.0340436660636816,52.23400346605788,Cloudy,False,None,Urban,Low,4930,0.781432318128561
10,"[33.667301152636995, 36.633173211193856, 416.97139503765317]","[33.60885841283857, 36.72177686093971, 208.69796122995447]",10464.831386605405,-91.71100104678267,-95.78624645100697,-101.00785804068997,-7.891054773668031,23.590362367205273,80,69.14180242610817,"[4945, 5035, 5045, 5125, 5230, 5235, 5340, 5455, 5640, 5660, 6020]","{""4945"": -86.7062043660916, ""5035"": -90.53395720584935, ""5045"": -88.9812533662177, ""5125"": -86.35453553313839, ""5230"": -89.3164064553465, ""5235"": -87.58917311469898, ""5340"": -87.09295117677432, ""5455"": -89.64529796428545, ""5640"": -88.34419029101102, ""5660"": -93.11680326702194, ""6020"": -89.79148371891975}",53.9301530511502,13.727900992544825,69.50248870614718,Clear,True,Building,Urban,Medium,5660,0.21472000502825422
11,"[34.81862655991843, 36.02284611933896, 349.7499128435308]","[34.84160297296741, 35.94926287118053, 639.3628290315827]",7185.778262727234,-105.06955184961434,-105.62934233862482,-74.24345703951164,29.385885299113184,23.284753698225447,80,12.543866101753652,"[4900, 5055, 5060, 5115, 5120, 5145, 5165, 5170, 5265, 5275, 5280, 5285, 5295, 5300, 5310, 5315, 5385, 5415, 5420, 5435, 5450, 5465, 5495, 5505, 5545, 5550, 5600, 5605, 5625, 5640, 5675, 5685, 5735, 5740, 5745, 5750, 5760, 5765, 5790, 5820, 5840, 5855, 5900, 5905, 5970, 5985, 6040, 6050, 6055]","{""4900"": -103.00468527757427, ""5055"": -103.62934233862482, ""5060"": -100.17721609458708, ""5115"": -103.62934233862482, ""5120"": -103.28589978053, ""5145"": -102.42972218455539, ""5165"": -100.46392311688535, ""5170"": -103.62934233862482, ""5265"": -100.8810874222521, ""5275"": -102.61048345895514, ""5280"": -103.62934233862482, ""5285"": -101.93267783908962, ""5295"": -102.32724350712432, ""5300"": -103.52615836622272, ""5310"": -102.5211299229995, ""5315"": -103.20380344577717, ""5385"": -102.45555703260766, ""5415"": -101.63263703870297, ""5420"": -100.2468078262665, ""5435"": -103.62934233862482, ""5450"": -99.42628298850013, ""5465"": -103.62934233862482, ""5495"": -102.8535106930379, ""5505"": -101.74335724075766, ""5545"": -102.20434524888198, ""5550"": -103.55988233021542, ""5600"": -102.93801642602044, ""5605"": -103.36533445247278, ""5625"": -103.50988018590085, ""5640"": -101.351429904953, ""5675"": -102.09030982153696, ""5685"": -103.62934233862482, ""5735"": -101.27643323733466, ""5740"": -102.16488376916962, ""5745"": -101.40653987222609, ""5750"": -101.68138978759912, ""5760"": -103.62934233862482, ""5765"": -103.46610461077998, ""5790"": -101.50489264279963, ""5820"": -101.71027765233434, ""5840"": -102.65718544143076, ""5855"": -102.44984197552135, ""5900"": -100.7093357068019, ""5905"": -103.51319013373828, ""5970"": -101.80518697872948, ""5985"": -102.92912202913537, ""6040"": -102.95235485532537, ""6050"": -100.97766777250375, ""6055"": -101.38770852700249}",89.04000014200844,32.90601087590488,58.99402614249391,Clear,False,None,Rural,Medium,5055,599.6786835575384
12,"[35.45527039360999, 36.50227627508146, 607.1521251486645]","[35.37266259340918, 36.41201525489944, 26.860722015509577]",12299.658302534122,-102.58967535937114,-105.66150309851315,-85.56543993462675,18.036818418859582,17.993057257530754,40,16.082197123462862,"[5035, 5125, 5180, 5440, 5860, 5885, 5895, 6000, 6030, 6040]","{""5035"": -101.15466287463516, ""5125"": -100.41670911790463, ""5180"": -102.34342156618699, ""5440"": -101.35199787169367, ""5860"": -102.84032746352631, ""5885"": -101.88867779990346, ""5895"": -102.57014191018764, ""6000"": -102.22943338114705, ""6030"": -101.48219179048075, ""6040"": -103.60225835348633}",96.52734008500295,23.729876733851963,93.79520170863886,Cloudy,False,None,Rural,Low,6040,59.684773091102905
13,"[34.672217382100186, 36.83494002891088, 113.61594627449905]","[34.56221911376729, 36.82433300016035, 480.3630378407519]",12269.703031109866,-99.81962518873497,-104.2026007936216,-82.52293184645283,19.679668947168764,27.944162064665242,160,1.2453142116717064,"[4980, 4995, 5000, 5075, 5090, 5095, 5170, 5195, 5200, 5205, 5215, 5230, 5245, 5250, 5265, 5305, 5320, 5325, 5390, 5420, 5430, 5460, 5495, 5520, 5565, 5590, 5700, 5715, 5785, 5800, 5810, 5860, 5880, 5895, 5940, 5975, 5995, 6075]","{""4980"": -98.96439474315967, ""4995"": -102.2026007936216, ""5000"": -102.2026007936216, ""5075"": -100.36580934643776, ""5090"": -100.91548161574346, ""5095"": -101.16679593110963, ""5170"": -101.16045739279144, ""5195"": -102.12134581595824, ""5200"": -102.2026007936216, ""5205"": -101.98926881939727, ""5215"": -102.2026007936216, ""5230"": -100.64029605656124, ""5245"": -102.2026007936216, ""5250"": -102.2026007936216, ""5265"": -102.2026007936216, ""5305"": -101.48357847527443, ""5320"": -102.2026007936216, ""5325"": -102.2026007936216, ""5390"": -101.73744483944999, ""5420"": -101.73552580002477, ""5430"": -102.2026007936216, ""5460"": -102.2026007936216, ""5495"": -101.7549007506514, ""5520"": -102.2026007936216, ""5565"": -102.2026007936216, ""5590"": -102.2026007936216, ""5700"": -102.2026007936216, ""5715"": -101.63661430829086, ""5785"": -99.88994133126353, ""5800"": -100.81648622188483, ""5810"": -102.2026007936216, ""5860"": -102.1314999685419, ""5880"": -102.2026007936216, ""5895"": -102.13074536067644, ""5940"": -102.2026007936216, ""5975"": -101.61889781618073, ""5995"": -102.2026007936216, ""6075"": -101.3239558853261}",98.37138888715656,39.651861596828326,64.65892388520648,Snow,False,None,Rural,Low,4995,334.63308086017724
14,"[35.71451543502053, 36.16815882840845, 627.4930729156814]","[35.82153504471171, 36.247837201243875, 345.4410208903019]",13902.855938918794,-97.66428070262636,-103.54135318867722,-80.65147057915262,20.889882609524605,25.997363418825355,40,32.560294706643546,"[4930, 4935, 4960, 5005, 5060, 5070, 5110, 5130, 5170, 5180, 5230, 5245, 5255, 5315, 5330, 5385, 5395, 5400, 5415, 5445, 5455, 5480, 5490, 5495, 5520, 5580, 5620, 5655, 5695, 5720, 5745, 5755, 5765, 5825, 5870, 5920, 5935, 5940, 5975, 6010, 6070]","{""4930"": -96.63742124264186, ""4935"": -99.09966983483102, ""4960"": -98.33396202899732, ""5005"": -97.90131362457907, ""5060"": -99.53836031997449, ""5070"": -98.60039088943012, ""5110"": -98.91764101097304, ""5130"": -98.7900154643225, ""5170"": -100.09604428792893, ""5180"": -98.89976435075732, ""5230"": -98.18953217527756, ""5245"": -96.75981420045318, ""5255"": -97.49762337301793, ""5315"": -95.7067559258784, ""5330"": -100.08755095647781, ""5385"": -97.62804865706472, ""5395"": -98.6615166035382, ""5400"": -95.65182521231922, ""5415"": -100.14897704017847, ""5445"": -100.1961123754169, ""5455"": -99.83561858031177, ""5480"": -101.54135318867722, ""5490"": -99.72516214466688, ""5495"": -100.07522860447628, ""5520"": -98.71093893243143, ""5580"": -98.42389564848, ""5620"": -96.1222733533219, ""5655"": -97.51089385486667, ""5695"": -99.80188509563934, ""5720"": -100.28415161916827, ""5745"": -98.19865085488598, ""5755"": -100.9168794226767, ""5765"": -96.1893414633642, ""5825"": -97.1673694310638, ""5870"": -99.64029309030279, ""5920"": -101.50623140578205, ""5935"": -96.90572105089761, ""5940"": -99.10833938002466, ""5975"": -97.07980514418554, ""6010"": -101.32817110033729, ""6070"": -99.8355921465764}",78.64953268223016,9.034794661502021,90.70562430755727,Clear,False,None,Rural,Medium,5480,105.42534878142762
15,"[35.504732744736366, 35.940613672426096, 675.3767136691514]","[35.37035842720934, 36.07618958014067, 205.67883831917462]",19342.132174505776,-94.95856859189556,-99.92925384458482,-95.42424804892478,1.9175930817117433,14.770898837778116,160,27.360541975277307,"[5035, 5045, 5105, 5110, 5175, 5225, 5295, 5370, 5495, 5620, 5675, 5795, 5815, 5855, 5880, 5895, 5945]","{""5035"": -95.73254493698536, ""5045"": -95.66993959591552, ""5105"": -96.4155086937815, ""5110"": -94.80613558804139, ""5175"": -97.34184113063652, ""5225"": -95.95397971409457, ""5295"": -95.55996703899478, ""5370"": -94.96875223547451, ""5495"": -94.6729881694293, ""5620"": -97.42737362431944, ""5675"": -97.92925384458482, ""5795"": -93.82389525371487, ""5815"": -95.24193946859324, ""5855"": -96.86314029139747, ""5880"": -93.41368252327885, ""5895"": -95.56689853512334, ""5945"": -93.97146471046689}",91.39816214208342,25.632468796462803,78.59247872081713,Clear,False,None,Rural,Medium,5175,4.973103780658257
16,"[35.032041860551224, 36.916345676411794, 360.00572515738145]","[35.096546272066064, 36.78914461976471, 623.0999022600174]",13618.887694366249,-93.91781295785893,-98.44527340079746,-123.36282190977433,-26.917548508976864,10.821382604122721,160,31.280660404339137,"[4915, 4985, 5035, 5095, 5125, 5240, 5245, 5335, 5360, 5435, 5450, 5455, 5485, 5495, 5515, 5525, 5545, 5565, 5585, 5655, 5685, 5710, 5725, 5730, 5805, 5835, 5890, 5930, 5950, 5960, 5985, 6005, 6015]","{""4915"": -93.84154284633517, ""4985"": -90.85169868112735, ""5035"": -91.30980930478552, ""5095"": -94.31626679116894, ""5125"": -92.4854641420188, ""5240"": -92.97475664407261, ""5245"": -91.88987323215181, ""5335"": -95.39020575932048, ""5360"": -92.91374337845266, ""5435"": -92.35518383817595, ""5450"": -96.44527340079746, ""5455"": -95.717708337449, ""5485"": -96.44527340079746, ""5495"": -94.34693082011717, ""5515"": -92.86650718475639, ""5525"": -91.68928499030629, ""5545"": -93.83167839782067, ""5565"": -91.4998972500934, ""5585"": -96.01297275577267, ""5655"": -96.44527340079746, ""5685"": -94.02614211679526, ""5710"": -93.36672239504136, ""5725"": -93.99186269059147, ""5730"": -96.44527340079746, ""5805"": -94.07650062771951, ""5835"": -95.89952481920761, ""5890"": -92.93831174520527, ""5930"": -93.39292319930506, ""5950"": -95.35264024794137, ""5960"": -94.71362094445537, ""5985"": -95.53164085128375, ""6005"": -94.03683921436009, ""6015"": -92.51010708769847}",61.58704770182169,27.768071117301297,38.21370354028491,Storm,False,None,Rural,High,5450,0.25349795056404145
17,"[33.83678474757741, 35.90160400038754, 676.6762722351706]","[33.85773964098091, 35.95206054152119, 306.07497480278084]",5209.779469284142,-96.59519959201194,-101.36443965551138,-72.62697530388336,26.282236238487968,27.602146905104604,20,48.85137325304278,"[4920, 5005, 5015, 5050, 5140, 5180, 5195, 5205, 5210, 5220, 5245, 5275, 5290, 5320, 5340, 5350, 5370, 5415, 5420, 5440, 5470, 5480, 5505, 5525, 5575, 5600, 5605, 5610, 5640, 5725, 5745, 5780, 5785, 5795, 5810, 5820, 5850, 5870, 5910, 5985, 6050, 6075, 6090]","{""4920"": -96.93491886477126, ""5005"": -94.70026002199118, ""5015"": -96.25171622282662, ""5050"": -96.64563904366148, ""5140"": -95.6168753351998, ""5180"": -97.00919327889702, ""5195"": -96.28680375328872, ""5205"": -97.25314663415122, ""5210"": -92.50924209589337, ""5220"": -95.40343446731036, ""5245"": -96.50591805725684, ""5275"": -95.13535992916663, ""5290"": -95.6248218698042, ""5320"": -95.78778419456779, ""5340"": -94.53507974520282, ""5350"": -94.320068230197, ""5370"": -96.25208151668375, ""5415"": -96.32005715623498, ""5420"": -95.86890734099542, ""5440"": -98.90921154237132, ""5470"": -97.72911638856579, ""5480"": -93.40601839410117, ""5505"": -92.98887822501602, ""5525"": -95.82988385460251, ""5575"": -94.5914943506843, ""5600"": -94.98945456345265, ""5605"": -90.8380085825851, ""5610"": -93.7769674281161, ""5640"": -95.6482061824891, ""5725"": -96.88964045616859, ""5745"": -97.86599927565432, ""5780"": -95.15113434146711, ""5785"": -96.5908559131944, ""5795"": -97.58971035966447, ""5810"": -96.42618912163174, ""5820"": -97.07865180068954, ""5850"": -92.92561734265911, ""5870"": -94.13387015984378, ""5910"": -95.46828875724287, ""5985"": -93.23641358693291, ""6050"": -95.34027733379652, ""6075"": -96.74825609726035, ""6090"": -93.17164367936347}",68.48479400718956,3.546473286411514,83.82146272343444,Fog,False,None,Urban,Low,5440,115.89209864345706
18,"[35.22864319091731, 36.901755120786866, 622.6963809557938]","[35.136105482820476, 36.97333651683955, 252.46716613697686]",12173.720824725862,-108.26174742435803,-111.14879597755312,-95.18770898598852,13.9610869915646,16.04535177560871,40,9.83493120582136,"[4915, 4955, 4965, 4980, 5030, 5045, 5060, 5135, 5220, 5260, 5270, 5335, 5410, 5460, 5500, 5510, 5525, 5605, 5630, 5715, 5790, 5860, 5950, 6010, 6015, 6020, 6095]","{""4915"": -107.55363641556042, ""4955"": -109.14879597755312, ""4965"": -108.64750949821283, ""4980"": -109.14879597755312, ""5030"": -109.14879597755312, ""5045"": -106.97273515978995, ""5060"": -105.49787652038222, ""5135"": -109.14879597755312, ""5220"": -107.51754762605155, ""5260"": -109.14879597755312, ""5270"": -109.09268955673446, ""5335"": -109.14879597755312, ""5410"": -109.14879597755312, ""5460"": -108.28921903917018, ""5500"": -109.14879597755312, ""5510"": -107.95631624241766, ""5525"": -108.43735864526111, ""5605"": -108.72042355138703, ""5630"": -109.14879597755312, ""5715"": -109.14879597755312, ""5790"": -107.22891464234878, ""5860"": -107.61062569965084, ""5950"": -109.14879597755312, ""6010"": -108.21300302294357, ""6015"": -107.23492079602973, ""6020"": -109.14879597755312, ""6095"": -107.54696119251751}",89.24498054912432,19.65793284810457,93.24552671622926,Snow,False,None,Rural,Low,4955,23.815832229966425
19,"[33.44759275342096, 36.12567919416913, 276.9327830987938]","[33.59576819023403, 36.01121466283257, 689.1768835669438]",19597.503237162546,-96.42620816750514,-101.13440927727396,-111.11593361882353,-11.981524341549573,18.576596722808517,20,26.636911568828985,"[4900, 4940, 4975, 4990, 4995, 5000, 5025, 5045, 5080, 5090, 5100, 5120, 5150, 5165, 5170, 5185, 5195, 5205, 5235, 5240, 5260, 5265, 5270, 5420, 5440, 5475, 5480, 5500, 5595, 5605, 5650, 5660, 5700, 5725, 5745, 5775, 5780, 5795, 5800, 5845, 5875, 5905, 5910, 5955, 5985, 6055, 6065, 6070, 6080]","{""4900"": -97.99739199018642, ""4940"": -96.14755834887791, ""4975"": -98.14834508658141, ""4990"": -99.13440927727396, ""4995"": -99.13440927727396, ""5000"": -96.93132893177557, ""5025"": -96.61387259918541, ""5045"": -98.35993128942425, ""5080"": -96.04556766360157, ""5090"": -99.13440927727396, ""5100"": -97.10257604973862, ""5120"": -98.81998065141133, ""5150"": -97.98121051347088, ""5165"": -96.93235834479302, ""5170"": -98.29407639969357, ""5185"": -97.58028966811239, ""5195"": -95.49401713794597, ""5205"": -97.86879415605236, ""5235"": -95.74991818366993, ""5240"": -98.69801663375407, ""5260"": -96.20875008489472, ""5265"": -94.8411034207808, ""5270"": -99.13440927727396, ""5420"": -98.19879923497335, ""5440"": -96.13784816099682, ""5475"": -97.30802443083213, ""5480"": -96.44673754171068, ""5500"": -97.90943413184137, ""5595"": -96.87357167055829, ""5605"": -97.23697220485576, ""5650"": -95.25178325927793, ""5660"": -96.62182508681582, ""5700"": -96.49705235865484, ""5725"": -97.62127180095135, ""5745"": -97.73486568787638, ""5775"": -97.65229363349707, ""5780"": -96.41177813820019, ""5795"": -97.63493307299804, ""5800"": -96.56879406642302, ""5845"": -93.89035515379948, ""5875"": -95.6967692966201, ""5905"": -97.4924916500194, ""5910"": -95.20163546852173, ""5955"": -97.61556941129997, ""5985"": -99.13440927727396, ""6055"": -98.51558581814375, ""6065"": -99.13440927727396, ""6070"": -97.5307265778296, ""6080"": -96.97582878298331}",91.02774158792869,24.065662567371838,64.70951340575189,Snow,False,None,Urban,Low,4990,0.03168724382050518
20,"[35.24687316620887, 36.13841409863819, 263.30647653372836]","[35.13417926366128, 36.19501749600182, 631.261648053267]",13545.609400730797,-94.35588379300533,-99.18559292057262,-118.24706690446908,-21.061473983896462,10.51729784776671,40,24.057256050083524,"[4925, 4945, 4950, 5010, 5015, 5030, 5105, 5120, 5130, 5220, 5240, 5255, 5265, 5300, 5310, 5320, 5325, 5345, 5410, 5420, 5425, 5455, 5465, 5480, 5500, 5525, 5530, 5560, 5600, 5635, 5645, 5650, 5710, 5730, 5745, 5755, 5760, 5785, 5865, 5870, 5875, 5940, 5950, 5965, 6045, 6090]","{""4925"": -92.74635646815301, ""4945"": -94.77062137591969, ""4950"": -95.58966322977923, ""5010"": -94.01690406479071, ""5015"": -97.18559292057262, ""5030"": -94.90759059940308, ""5105"": -94.10471464573548, ""5120"": -97.18559292057262, ""5130"": -93.54538137175554, ""5220"": -94.75326782532431, ""5240"": -95.88394430741714, ""5255"": -94.31183963740651, ""5265"": -91.85497314985935, ""5300"": -94.9882130539782, ""5310"": -94.88868155711543, ""5320"": -95.9500537858763, ""5325"": -96.53577899076312, ""5345"": -94.01550871174956, ""5410"": -96.54513817542923, ""5420"": -95.15366308073685, ""5425"": -95.97749860671361, ""5455"": -94.54254269794635, ""5465"": -94.76051927863551, ""5480"": -93.70470252017908, ""5500"": -96.02603703484806, ""5525"": -95.66582483950599, ""5530"": -96.7291580102394, ""5560"": -95.9274523266801, ""5600"": -94.69506169699866, ""5635"": -94.1255295115979, ""5645"": -96.64426042283237, ""5650"": -93.95660355640744, ""5710"": -93.2275556483585, ""5730"": -94.64086008173038, ""5745"": -92.44581871772884, ""5755"": -96.42169623522129, ""5760"": -97.12799449153306, ""5785"": -97.18559292057262, ""5865"": -93.01694596933216, ""5870"": -94.27946395203485, ""5875"": -95.34438944293161, ""5940"": -94.8410594970862, ""5950"": -96.9492460075135, ""5965"": -91.59238446714069, ""6045"": -95.0671806636031, ""6090"": -95.09692024465859}",49.424301854461554,18.20837530921896,57.53541328384442,Rain,True,Vehicle,Rural,High,5015,0.06337448764101036
21,"[35.4747816098061, 35.002302134896226, 783.0838984669839]","[35.46337451330074, 34.86856336050924, 469.0032562523523]",12177.667562028046,-93.3629981092876,-96.86792686986662,-96.22673123156532,-2.4022545250069385,23.965000582443444,20,27.864523080952463,"[4915, 5015, 5100, 5205, 5295, 5420, 5605, 5675, 5705, 5805, 5920]","{""4915"": -91.55011508754238, ""5015"": -91.91725117578535, ""5100"": -92.30293898697172, ""5205"": -93.82447670655839, ""5295"": -91.93156248768643, ""5420"": -89.81572827867788, ""5605"": -90.62063495415796, ""5675"": -90.24898508343134, ""5705"": -93.40558853803721, ""5805"": -94.12317225377829, ""5920"": -92.8274454035399}",86.79947948335592,24.39421088081542,76.73323655416803,Snow,False,None,Rural,High,5205,0.2115477445905309
22,"[35.841182227078065, 36.29541937756752, 142.8041563633536]","[35.9709781450583, 36.232977845646055, 636.3434087836391]",15489.634932061866,-92.91765475922566,-97.71267554862486,-111.25639215954004,-17.16039838561261,24.925850909847952,40,51.94223399087069,"[4900, 5240, 5250, 5260, 5335, 5430, 5545, 5825, 5885, 5905, 5910, 5950, 5990, 6095]","{""4900"": -91.47370946092217, ""5240"": -89.91600955164878, ""5250"": -94.09599377392743, ""5260"": -89.26297135016428, ""5335"": -91.79430867722368, ""5430"": -92.19761843427634, ""5545"": -93.07545339224545, ""5825"": -94.03958183715386, ""5885"": -90.32254095341233, ""5905"": -91.4473198785726, ""5910"": -93.49223817896679, ""5950"": -93.49991498745062, ""5990"": -92.0609738782904, ""6095"": -89.05376454142112}",52.186545303756915,41.071497732358644,82.60429591825208,Fog,False,None,Urban,Medium,5250,0.06337448764101036
23,"[34.339642179129584, 35.96868277110344, 302.5337603611207]","[34.41850398241558, 35.93184578736761, 839.9027688651586]",9398.09824244235,-108.47494389921351,-114.43258511173508,-74.45614190722247,37.976443204512606,24.104557620500053,160,1.6063064115889802,"[4915, 4945, 4995, 5025, 5060, 5080, 5090, 5095, 5235, 5320, 5330, 5405, 5420, 5460, 5480, 5500, 5530, 5540, 5570, 5655, 5695, 5730, 5735, 5745, 5785, 5820, 5900, 5910, 5950, 5980, 6010, 6015, 6040, 6085]","{""4915"": -112.43258511173508, ""4945"": -112.43258511173508, ""4995"": -112.43258511173508, ""5025"": -112.43258511173508, ""5060"": -112.43258511173508, ""5080"": -112.38552289858468, ""5090"": -112.43258511173508, ""5095"": -111.25977105158783, ""5235"": -109.53064645638995, ""5320"": -110.61423305448632, ""5330"": -112.43258511173508, ""5405"": -112.43258511173508, ""5420"": -108.44404089393316, ""5460"": -112.21525294778623, ""5480"": -112.28318666093854, ""5500"": -112.34026822947297, ""5530"": -112.00695345765618, ""5540"": -112.43258511173508, ""5570"": -112.43258511173508, ""5655"": -112.43258511173508, ""5695"": -112.35321050413197, ""5730"": -112.43258511173508, ""5735"": -112.43258511173508, ""5745"": -112.14443525727012, ""5785"": -112.43258511173508, ""5820"": -110.04809111593393, ""5900"": -112.43258511173508, ""5910"": -110.66682032092427, ""5950"": -110.43495281006152, ""5980"": -112.43258511173508, ""6010"": -112.43258511173508, ""6015"": -112.43258511173508, ""6040"": -112.43258511173508, ""6085"": -112.43258511173508}",90.74456273394404,6.223860575813719,93.55809734994457,Cloudy,False,None,Rural,Low,4915,1539.9374640256199
24,"[35.5780265525048, 35.76001879504531, 288.4117327703927]","[35.6436417800717, 35.83783933784562, 785.78280057169]",10135.292555857504,-95.56703182375986,-99.03880359914487,-94.95216456572761,1.7423791368966874,11.968862527663958,20,43.33942510432682,"[4935, 4955, 4970, 5000, 5080, 5085, 5110, 5115, 5120, 5130, 5195, 5205, 5210, 5225, 5275, 5280, 5315, 5355, 5375, 5385, 5425, 5450, 5485, 5490, 5535, 5575, 5620, 5645, 5680, 5690, 5715, 5770, 5785, 5910, 5915, 5925, 6010, 6055]","{""4935"": -95.23751335899746, ""4955"": -90.9432439256633, ""4970"": -92.16813200107754, ""5000"": -91.66431694830749, ""5080"": -92.48914149473387, ""5085"": -95.26522724762457, ""5110"": -94.35842999021838, ""5115"": -92.83758774895685, ""5120"": -95.40484130413664, ""5130"": -92.50215194554015, ""5195"": -93.93213768803592, ""5205"": -94.13388080212312, ""5210"": -92.50520963849348, ""5225"": -92.90525462356966, ""5275"": -94.11309883952734, ""5280"": -91.83265488575235, ""5315"": -95.19324458219857, ""5355"": -92.64774618038233, ""5375"": -92.68199770384615, ""5385"": -94.0359692497697, ""5425"": -93.08245005743555, ""5450"": -95.44831995537668, ""5485"": -92.18560906198837, ""5490"": -93.8490027954632, ""5535"": -94.35573412157729, ""5575"": -91.9981357520434, ""5620"": -94.62816512661286, ""5645"": -95.68434153534406, ""5680"": -95.90659335108458, ""5690"": -92.66263466378027, ""5715"": -95.49229361954315, ""5770"": -90.93945831782217, ""5785"": -96.6945437026243, ""5910"": -91.02696503836367, ""5915"": -93.2551233899948, ""5925"": -93.71671925860431, ""6010"": -94.38902822101215, ""6055"": -92.97294541927062}",82.64197659232542,6.034201425795013,66.30945962020424,Clear,False,None,Rural,High,5785,0.595075101754216
25,"[35.03283265709724, 35.31595124414358, 400.3481563254139]","[34.986502344430164, 35.342222755681505, 576.8501386122109]",5680.215578355407,-105.66924640967063,-108.72016079093167,-81.44151486659193,25.27864592433974,17.17918315154492,80,30.332933758700783,"[4910, 4925, 4960, 5140, 5180, 5190, 5220, 5250, 5265, 5350, 5405, 5535, 5620, 5675, 5690, 5710, 5740, 5775, 5850, 5890, 5895, 5920, 5925, 5960, 5965, 6005, 6040, 6050]","{""4910"": -104.34997814387289, ""4925"": -102.63857326721083, ""4960"": -104.12218461724255, ""5140"": -104.0680734480428, ""5180"": -104.83894440855639, ""5190"": -104.37894452581722, ""5220"": -103.83182343689752, ""5250"": -106.72016079093167, ""5265"": -106.31580422339418, ""5350"": -103.17862994920154, ""5405"": -104.0372279330437, ""5535"": -104.56950109476463, ""5620"": -104.26587519063752, ""5675"": -103.7721535321931, ""5690"": -105.10316561069965, ""5710"": -105.46098317833908, ""5740"": -103.99975820758908, ""5775"": -105.76108525665816, ""5850"": -103.6811469566639, ""5890"": -106.72016079093167, ""5895"": -102.74979263424714, ""5920"": -103.58462986661604, ""5925"": -103.9094814887648, ""5960"": -102.81948961431733, ""5965"": -101.79531442354174, ""6005"": -102.77197099270842, ""6040"": -106.72016079093167, ""6050"": -106.21289154033916}",75.57425846884098,16.471283195385965,71.77351343450968,Fog,False,None,Rural,Medium,5250,413.92666481976323
26,"[33.29149178944685, 36.25491621563346, 40.28320369493156]","[33.378074934649895, 36.11492557500715, 331.5508035604804]",16181.032105005188,-77.7636486829503,-84.77533345660343,-141.89163045042793,-64.78532976660914,17.317150612302477,80,97.23780522571232,"[4995, 5045, 5080, 5185, 5225, 5275, 5330, 5495, 5515, 5760, 5765, 5825, 5855, 5865, 5925, 5930, 5955, 6000, 6010, 6065]","{""4995"": -75.93353690508997, ""5045"": -74.9571724632302, ""5080"": -74.21982050784277, ""5185"": -76.08492475827664, ""5225"": -74.71615889183083, ""5275"": -76.12938343707643, ""5330"": -75.91358574303437, ""5495"": -77.10630068381879, ""5515"": -76.3811589077128, ""5760"": -77.02383594697095, ""5765"": -76.46011891801244, ""5825"": -73.41584634363468, ""5855"": -76.42040737179437, ""5865"": -71.04773594129037, ""5925"": -74.25633218722511, ""5930"": -74.71905485300414, ""5955"": -76.28384570881826, ""6000"": -73.94584421943296, ""6010"": -75.8597657779031, ""6065"": -74.8132943165784}",63.58625622099415,8.870191226570299,26.76000318096642,Cloudy,True,Tree,Urban,High,5495,0.12674897528202073
27,"[35.37204590576681, 35.027837310201804, 485.2322159008079]","[35.35848171408697, 35.07968582476393, 606.7450136291568]",4937.481966440688,-107.60080079287691,-114.67467955459573,-74.08666818148227,38.58801137311346,21.228147644997577,40,4.6960006486265815,"[4945, 4955, 5020, 5045, 5075, 5285, 5420, 5490, 5530, 5710, 5730, 5795, 5950, 6060]","{""4945"": -108.4588726953024, ""4955"": -112.44308935229257, ""5020"": -110.57508951327709, ""5045"": -112.67467955459573, ""5075"": -112.35148223845104, ""5285"": -109.64279854925233, ""5420"": -112.67467955459573, ""5490"": -109.5803266657102, ""5530"": -111.23737159952239, ""5710"": -112.67467955459573, ""5730"": -111.35038789412232, ""5795"": -110.8401678282655, ""5950"": -111.3662845593798, ""6060"": -112.67467955459573}",90.57210461516075,25.011815586639333,48.57691244543565,Snow,False,None,Rural,Low,5045,387.04429413639673
28,"[34.360931270666676, 36.340972437700344, 670.1104087632385]","[34.4947234964005, 36.31671046372476, 669.3307682149576]",15042.51949278829,-96.64316488786396,-99.60740455773944,-108.22742531759783,-11.991482944693715,18.867661721214034,40,48.28629481386634,"[4925, 4960, 4975, 4985, 5015, 5025, 5055, 5060, 5140, 5160, 5170, 5210, 5250, 5325, 5355, 5370, 5405, 5480, 5595, 5605, 5620, 5660, 5715, 5720, 5725, 5745, 5775, 5875, 5905, 5950, 5985, 6040, 6050]","{""4925"": -94.83520673636744, ""4960"": -94.11577892595739, ""4975"": -93.8561511162802, ""4985"": -92.81349282630411, ""5015"": -93.47794947123026, ""5025"": -95.74751751069529, ""5055"": -93.1742041961212, ""5060"": -92.82862235470441, ""5140"": -92.90481530073357, ""5160"": -92.1233298842982, ""5170"": -92.49361774080678, ""5210"": -93.05573085378748, ""5250"": -93.8497495398181, ""5325"": -96.23594237290412, ""5355"": -93.10007364393125, ""5370"": -93.43296944188546, ""5405"": -93.33713271683708, ""5480"": -95.6596238363606, ""5595"": -95.36608578324253, ""5605"": -92.16477169263078, ""5620"": -93.80383370341512, ""5660"": -92.7222499265712, ""5715"": -93.70202340843444, ""5720"": -93.69986676338652, ""5725"": -92.33707526366614, ""5745"": -94.5185680649562, ""5775"": -93.60031980721865, ""5875"": -94.4379139056877, ""5905"": -94.3962453137786, ""5950"": -94.2082591578331, ""5985"": -93.41130031517957, ""6040"": -94.46262390512535, ""6050"": -91.86086678426986}",81.68465416481607,25.781329182192806,86.40603379246845,Cloudy,False,None,Urban,Medium,5325,0.06337448764101036
29,"[33.98567866029669, 35.29510835988289, 810.9752768904235]","[33.8365293257407, 35.40263019779694, 134.49574238685466]",19326.18024922154,-98.48693843212274,-104.80681574600078,-104.6466055361049,-2.645929916212296,14.75863212180926,80,37.93100857079537,"[4965, 4980, 5045, 5060, 5120, 5235, 5435, 5505, 5570, 5845, 5850]","{""4965"": -101.1142460136664, ""4980"": -100.05264252657919, ""5045"": -100.43193164774841, ""5060"": -97.60186823380656, ""5120"": -99.47750289556978, ""5235"": -98.2245682511342, ""5435"": -102.0006756198926, ""5505"": -99.37175966153326, ""5570"": -98.437888866902, ""5845"": -99.64890907642402, ""5850"": -98.17411449773913}",64.39705391557742,32.53014970720831,60.51615926473636,Cloudy,False,None,Urban,Low,5435,0.796230521519224
30,"[34.78099805360408, 35.9040108398175, 203.28703199436507]","[34.81553010448941, 35.97218373896662, 818.3327606763535]",7313.861194346149,-94.42222852775316,-97.83241748199309,-101.50545299870952,-6.322892066856866,12.159236593584543,160,33.331653958648225,"[4980, 5000, 5060, 5085, 5250, 5310, 5315, 5600, 5645, 5675, 5695, 5710, 5810, 6050]","{""4980"": -93.94181784045179, ""5000"": -91.05186400502286, ""5060"": -89.71753797987236, ""5085"": -93.71014300596072, ""5250"": -93.8341389474024, ""5310"": -90.98580844962468, ""5315"": -90.79652694670517, ""5600"": -93.95017520603113, ""5645"": -93.79616539094502, ""5675"": -93.58856207859199, ""5695"": -95.18256093185265, ""5710"": -94.54386308502752, ""5810"": -94.67209631542933, ""6050"": -94.31758151295742}",98.02144007171158,16.527998538591056,59.1088411034813,Storm,True,Vehicle,Rural,High,5695,0.6354884471534016
31,"[34.51665322345704, 35.860398651647245, 714.8210033259733]","[34.400977445186065, 35.906812538904184, 790.5470606924715]",13548.206813813566,-96.88112782858384,-100.07096930263947,-93.25093882296554,4.820030479673932,24.592250152690088,80,20.54938557079447,"[4965, 4975, 4985, 5005, 5015, 5020, 5055, 5065, 5095, 5225, 5265, 5295, 5300, 5320, 5350, 5375, 5425, 5440, 5450, 5505, 5610, 5615, 5650, 5665, 5750, 5755, 5775, 5820, 5845, 5850, 5860, 5935, 5960, 5990, 6060, 6085, 6095]","{""4965"": -96.47904578805608, ""4975"": -96.07569635817113, ""4985"": -94.1012677177548, ""5005"": -97.92454951808409, ""5015"": -94.95053485926104, ""5020"": -96.74800172331418, ""5055"": -96.50121402145456, ""5065"": -95.414789218726, ""5095"": -98.07096930263947, ""5225"": -95.85340383769983, ""5265"": -96.17734014465633, ""5295"": -95.68834156096369, ""5300"": -95.99326549111419, ""5320"": -92.74406824710957, ""5350"": -97.38362843335288, ""5375"": -97.22351388947864, ""5425"": -97.36172924661305, ""5440"": -97.26023413571629, ""5450"": -97.38309914793568, ""5505"": -94.64349366031459, ""5610"": -94.29626208499113, ""5615"": -97.28313789760013, ""5650"": -97.67555181663225, ""5665"": -95.71989512239631, ""5750"": -97.25535302339736, ""5755"": -95.47762073034265, ""5775"": -96.12263392569896, ""5820"": -98.07096930263947, ""5845"": -94.10576065498081, ""5850"": -93.73320194733263, ""5860"": -97.34620149270249, ""5935"": -97.0085707968799, ""5960"": -95.99822037088856, ""5990"": -95.92533327199537, ""6060"": -95.43920204796666, ""6085"": -93.41171164882638, ""6095"": -96.69243929821698}",80.80442205878485,5.106084117392355,74.06299374931993,Snow,False,None,Rural,Medium,5095,5.120225576528159
32,"[34.97020890896446, 35.44848973821513, 101.85545182490362]","[35.07382093454486, 35.40875805339974, 687.5320405834805]",12075.862265003669,-91.82041627381903,-97.08306609781015,-91.99088957198022,2.872730151744477,23.869423757113175,20,28.60531520134044,"[4905, 4935, 4985, 5015, 5080, 5130, 5245, 5295, 5330, 5345, 5410, 5575, 5620, 5710, 5740, 5795, 5845, 5855, 5875, 6010, 6075]","{""4905"": -93.99208674851059, ""4935"": -94.8636197237247, ""4985"": -93.89103594161578, ""5015"": -92.8443313410136, ""5080"": -90.10280408642623, ""5130"": -93.57105783025717, ""5245"": -92.45895895424457, ""5295"": -92.81927522581204, ""5330"": -91.01205097153078, ""5345"": -89.00424224289247, ""5410"": -93.59094404108339, ""5575"": -93.52880004548024, ""5620"": -91.2283995660993, ""5710"": -91.77180364726344, ""5740"": -90.02457989309886, ""5795"": -91.91874860371396, ""5845"": -93.3335790178835, ""5855"": -91.90865863566445, ""5875"": -91.13158551082854, ""6010"": -91.56391760990687, ""6075"": -92.03372983504197}",82.43862806992132,15.168283311443716,36.96193207458856,Snow,False,None,Urban,Low,4935,0.7886354797562241
33,"[34.022687945308, 35.74010618495401, 650.8283911296925]","[34.105738631298024, 35.760384251938326, 81.03655077957546]",9421.83160430481,-98.1714420471729,-102.05673568630087,-86.69933721952273,12.755543812707359,18.840883733955582,80,33.02048581925813,"[4905, 4955, 4970, 5040, 5045, 5160, 5170, 5180, 5260, 5285, 5290, 5340, 5405, 5450, 5520, 5555, 5570, 5655, 5665, 5750, 5765, 5865, 6065]","{""4905"": -95.81508478637649, ""4955"": -95.6611534350917, ""4970"": -95.34185833420392, ""5040"": -96.44203198937575, ""5045"": -97.6657739412355, ""5160"": -97.19502629111024, ""5170"": -95.60533337099768, ""5180"": -98.64050032724107, ""5260"": -96.86208685745086, ""5285"": -98.00510503925126, ""5290"": -97.371979586358, ""5340"": -95.49741902684927, ""5405"": -97.12844821873037, ""5450"": -97.345441998526, ""5520"": -99.45488103223009, ""5555"": -96.29571647171939, ""5570"": -96.44687054904861, ""5655"": -94.17021473580203, ""5665"": -97.87676417318971, ""5750"": -97.08637132926431, ""5765"": -97.04102129519408, ""5865"": -95.048916901115, ""6065"": -97.55804011934065}",66.7416872351535,30.458486318874314,31.668492755336626,Clear,True,Vehicle,Rural,Medium,5520,35.792053058850584
34,"[33.98436706781352, 35.01545981313863, 673.5776404696422]","[33.88707550837628, 34.9795220468532, 634.7857807274839]",11314.955490201284,-101.08733085100205,-104.76536485385225,-102.33919219995448,0.4261726538977655,11.557252237515153,80,38.746700469914515,"[4925, 4995, 5000, 5010, 5035, 5045, 5115, 5145, 5180, 5210, 5270, 5295, 5315, 5325, 5330, 5345, 5360, 5405, 5410, 5415, 5430, 5445, 5455, 5485, 5550, 5570, 5575, 5630, 5650, 5690, 5710, 5715, 5780, 5805, 5830, 5850, 5885, 5895, 5915, 5925, 5960, 5980, 6005, 6045, 6065, 6090]","{""4925"": -99.24709652760357, ""4995"": -98.75378405168428, ""5000"": -99.38571513152455, ""5010"": -100.33527923808488, ""5035"": -99.37449382691163, ""5045"": -98.05518119146943, ""5115"": -101.20540176537568, ""5145"": -99.46617430503878, ""5180"": -100.71581003866784, ""5210"": -97.87305887287182, ""5270"": -101.95040917343475, ""5295"": -100.50401158716647, ""5315"": -99.09981100366231, ""5325"": -97.31734277240757, ""5330"": -99.76425420786856, ""5345"": -100.49842810629889, ""5360"": -96.84389321209821, ""5405"": -101.83764966688345, ""5410"": -102.76536485385225, ""5415"": -99.00560714117908, ""5430"": -100.41871015278801, ""5445"": -101.19747804195515, ""5455"": -98.60309414531005, ""5485"": -99.29992774560229, ""5550"": -100.51174676236418, ""5570"": -101.58608541426543, ""5575"": -98.35694282383886, ""5630"": -98.6903270493211, ""5650"": -99.81439261192816, ""5690"": -96.89567332218759, ""5710"": -101.27075596574832, ""5715"": -101.9539165726462, ""5780"": -100.70349092108096, ""5805"": -99.73400784079233, ""5830"": -99.30061964227505, ""5850"": -100.02748290304358, ""5885"": -99.13754572148764, ""5895"": -101.54293795254475, ""5915"": -97.4999819101492, ""5925"": -99.78885558384793, ""5960"": -97.9896850688769, ""5980"": -99.15154079669253, ""6005"": -98.9804989875284, ""6045"": -98.81097789591078, ""6065"": -98.99406597623312, ""6090"": -98.70154467645777}",77.39585099758686,26.398264072026375,61.904267575603455,Snow,False,None,Rural,Medium,5410,1.7143083527855913
35,"[33.30841358333329, 35.51193644400346, 160.28162508567485]","[33.20427452003507, 35.58968215801713, 72.44117985327377]",13651.016948108032,-88.74705137199341,-93.76479062719159,-114.20386845551114,-22.439077828319554,13.019148027861538,20,40.054692074913106,"[4945, 4950, 4970, 4990, 4995, 5015, 5140, 5250, 5265, 5285, 5295, 5310, 5350, 5370, 5390, 5465, 5475, 5490, 5505, 5545, 5605, 5630, 5640, 5655, 5660, 5670, 5685, 5705, 5725, 5730, 5845, 5910, 5915, 5935, 5960, 5990, 6040, 6045, 6060, 6070]","{""4945"": -86.5666864659999, ""4950"": -88.26563350664634, ""4970"": -87.49690962481577, ""4990"": -88.69501880262938, ""4995"": -86.40023943802433, ""5015"": -89.57500371428745, ""5140"": -85.85900461183232, ""5250"": -88.62065218716505, ""5265"": -90.70657791437561, ""5285"": -88.36825863883236, ""5295"": -89.58199274741087, ""5310"": -87.29944993771545, ""5350"": -89.53935123015212, ""5370"": -89.22969041102071, ""5390"": -91.39472635761683, ""5465"": -89.23887474007215, ""5475"": -91.76479062719159, ""5490"": -90.93626949642713, ""5505"": -87.41979327698209, ""5545"": -87.38171502322228, ""5605"": -87.92222891852109, ""5630"": -90.01087947589235, ""5640"": -88.6319822954115, ""5655"": -88.56581906983439, ""5660"": -90.29796229498736, ""5670"": -86.30531780854781, ""5685"": -87.24437182533504, ""5705"": -88.89186152194303, ""5725"": -88.52008650270675, ""5730"": -88.24784104927721, ""5845"": -91.62301756383498, ""5910"": -88.93118133497943, ""5915"": -89.58339163319523, ""5935"": -90.06284527604092, ""5960"": -88.98206570052747, ""5990"": -85.86388547092426, ""6040"": -87.59915096929802, ""6045"": -89.41718374587273, ""6060"": -87.7015410891643, ""6070"": -86.46138210631953}",90.39508598430993,30.458953786608333,57.05877687630415,Storm,False,None,Urban,Low,5475,0.03168724382050518
36,"[33.310505631811175, 36.798253667911546, 312.37680937524954]","[33.37480029656141, 36.799618368361834, 159.44022573554662]",7150.364379036135,-93.26262758586873,-95.52577621478407,-91.70259563584588,-1.0194026385012336,18.175387944946408,80,66.81824160319756,"[4965, 4980, 5000, 5005, 5015, 5020, 5060, 5065, 5080, 5090, 5220, 5260, 5295, 5320, 5325, 5345, 5380, 5390, 5400, 5570, 5610, 5615, 5645, 5660, 5670, 5705, 5720, 5725, 5735, 5740, 5745, 5755, 5765, 5775, 5790, 5795, 5805, 5825, 5845, 5910, 5975, 5990, 6015, 6030, 6070, 6080, 6085, 6095]","{""4965"": -86.79336636215912, ""4980"": -88.090871331648, ""5000"": -89.15072205308662, ""5005"": -87.13298191610788, ""5015"": -87.59008880839565, ""5020"": -86.83752705648666, ""5060"": -87.22755918400532, ""5065"": -86.60598781354926, ""5080"": -88.98316970386912, ""5090"": -86.20422578807678, ""5220"": -87.88391747948967, ""5260"": -85.06742557759037, ""5295"": -89.21409861366263, ""5320"": -85.57637118178039, ""5325"": -87.88345071133429, ""5345"": -89.15744389194994, ""5380"": -88.90614563760975, ""5390"": -88.66083784881975, ""5400"": -87.5440679669254, ""5570"": -87.39606365447501, ""5610"": -89.04086689243614, ""5615"": -88.21684877491974, ""5645"": -84.96691134861047, ""5660"": -85.5890021313772, ""5670"": -87.52583138201722, ""5705"": -88.12331166927596, ""5720"": -88.00026989645087, ""5725"": -87.26003992743264, ""5735"": -89.71450573432588, ""5740"": -88.56638169266328, ""5745"": -90.68319299734465, ""5755"": -87.58148220262035, ""5765"": -87.20952297697416, ""5775"": -88.90509657997733, ""5790"": -85.81933674159322, ""5795"": -90.01896538103178, ""5805"": -90.376879206843, ""5825"": -87.8436391586883, ""5845"": -86.60966943261003, ""5910"": -85.65442534934147, ""5975"": -88.86864328083168, ""5990"": -86.56229563638132, ""6015"": -88.23807959077934, ""6030"": -88.4392578364395, ""6070"": -86.85482698029826, ""6080"": -87.20183256890815, ""6085"": -90.54490512200465, ""6095"": -85.96550636193942}",66.20342765850873,41.576343064403716,73.07162782424592,Cloudy,False,None,Urban,Medium,5745,1.1951432133392905
37,"[34.087793006946136, 35.36052584575369, 196.7024317819658]","[34.222093487206436, 35.35640712201551, 207.7560266478291]",14938.340353570155,-99.38377773382963,-106.39491991417157,-82.21683472736099,21.91260337489649,22.36062930987016,160,15.04782330222972,"[4955, 5105, 5110, 5130, 5200, 5260, 5365, 5425, 5460, 5465, 5680, 5695, 5765, 5785, 5820, 5885, 5935, 5960, 6055]","{""4955"": -101.12095701877202, ""5105"": -104.12943810225748, ""5110"": -102.59738874983708, ""5130"": -102.45004877056908, ""5200"": -102.80008340125733, ""5260"": -104.01655178076132, ""5365"": -104.19852910190026, ""5425"": -103.22942515648036, ""5460"": -101.43200052110414, ""5465"": -102.37569381810154, ""5680"": -103.74701554812235, ""5695"": -102.03354598402068, ""5765"": -104.39491991417157, ""5785"": -101.46794549943503, ""5820"": -104.39491991417157, ""5885"": -103.7347554620979, ""5935"": -104.39491991417157, ""5960"": -104.39491991417157, ""6055"": -101.44985386892542}",96.821802605071,8.902228777767224,31.62088797083036,Cloudy,False,None,Rural,Low,5105,505.7267719070623
38,"[34.60203344909478, 35.61893579312558, 728.7183646262538]","[34.59273813060446, 35.719469810943295, 334.2176576114044]",9259.89168810069,-95.90338409167276,-102.43851400832268,-80.14264448661523,20.29586952170746,26.02518448303095,40,17.69259547436015,"[4965, 5005, 5015, 5030, 5055, 5085, 5105, 5180, 5245, 5260, 5375, 5455, 5475, 5515, 5555, 5560, 5605, 5720, 5810, 5875, 5945, 5960, 5980, 5985, 6015, 6085]","{""4965"": -99.7246581723417, ""5005"": -98.5033505477778, ""5015"": -99.09348723869265, ""5030"": -98.30754512953919, ""5055"": -98.90787353378349, ""5085"": -100.43851400832268, ""5105"": -97.52870614120316, ""5180"": -99.76374124511584, ""5245"": -100.43851400832268, ""5260"": -99.66527911182274, ""5375"": -96.77196668442241, ""5455"": -97.74777375720363, ""5475"": -99.54608457198566, ""5515"": -99.54699292685152, ""5555"": -99.50555894719994, ""5560"": -95.90798439503261, ""5605"": -98.45020319202655, ""5720"": -98.37804389958727, ""5810"": -97.4776811893261, ""5875"": -98.6649226318341, ""5945"": -99.41166958910493, ""5960"": -99.31763114400134, ""5980"": -99.13050825949497, ""5985"": -99.07893972513864, ""6015"": -97.9316620549184, ""6085"": -98.94518754166292}",89.22657599055663,16.698958986726492,93.8329845148683,Snow,False,None,Rural,Low,5085,94.3065165915783
39,"[33.15977066151322, 36.00401422938647, 216.0213761077722]","[33.30812826688471, 35.9664880314118, 30.227853247694302]",16861.78933321546,-85.21160647626434,-88.99124594064699,-108.79290310866963,-21.801657168022643,26.62220971864353,160,45.7430736098504,"[4905, 4920, 4960, 4980, 5000, 5040, 5055, 5090, 5175, 5200, 5205, 5225, 5265, 5285, 5435, 5440, 5485, 5535, 5555, 5575, 5585, 5600, 5635, 5660, 5675, 5685, 5695, 5705, 5715, 5815, 5830, 5890, 5915, 5965, 5995, 6030, 6055, 6080]","{""4905"": -82.23283993603559, ""4920"": -83.45287492202183, ""4960"": -83.21384726638482, ""4980"": -86.32910107865712, ""5000"": -81.95730853980524, ""5040"": -82.81206733801197, ""5055"": -81.83478488706947, ""5090"": -86.99124594064699, ""5175"": -80.19923799468786, ""5200"": -83.54118449409172, ""5205"": -81.66952582675269, ""5225"": -84.89165894254725, ""5265"": -82.4126391942651, ""5285"": -84.91192339661944, ""5435"": -84.26745349290266, ""5440"": -80.46075302105878, ""5485"": -83.61782365300398, ""5535"": -83.00565074208937, ""5555"": -82.02669845582582, ""5575"": -82.58827721990005, ""5585"": -83.1061716941436, ""5600"": -82.78435854815962, ""5635"": -79.72667667400154, ""5660"": -83.41822824740933, ""5675"": -83.0301514817865, ""5685"": -81.75581845784754, ""5695"": -81.67351115242198, ""5705"": -81.5512545935184, ""5715"": -82.37370471881518, ""5815"": -85.04630742095469, ""5830"": -80.88165275340731, ""5890"": -85.05131814138699, ""5915"": -82.87784685400041, ""5965"": -84.463213826888, ""5995"": -83.42800757174845, ""6030"": -82.83865643640374, ""6055"": -82.84976422868355, ""6080"": -82.69891892050603}",79.5690318741088,25.548152161826536,82.93822157087043,Clear,True,Building,Urban,Medium,5090,0.25349795056404145
40,"[34.84442874832785, 35.48112847761309, 377.82799771164315]","[34.893740138850454, 35.35681266410927, 877.3157694022384]",12597.377934637801,-106.16302085145128,-109.92410147671917,-77.18732436052818,30.736777116190993,22.7134158293726,80,13.69365132817967,"[4920, 4955, 4985, 5030, 5070, 5120, 5205, 5325, 5330, 5340, 5350, 5355, 5595, 5640, 5700, 5720, 5740, 5835, 5840, 5855, 5865, 5885, 5895, 5905, 5940, 5960]","{""4920"": -104.40804246687682, ""4955"": -106.14830791819384, ""4985"": -107.19484432340077, ""5030"": -105.38247861803227, ""5070"": -105.04440363707783, ""5120"": -107.92410147671917, ""5205"": -105.93250926569002, ""5325"": -105.77685025699846, ""5330"": -107.27495462550479, ""5340"": -104.76504915049738, ""5350"": -107.05369275101359, ""5355"": -106.64024469025749, ""5595"": -107.08821710689061, ""5640"": -106.8052407990926, ""5700"": -107.92410147671917, ""5720"": -107.92410147671917, ""5740"": -104.43685177562735, ""5835"": -107.92410147671917, ""5840"": -107.92410147671917, ""5855"": -107.92410147671917, ""5865"": -107.78705199199905, ""5885"": -107.92410147671917, ""5895"": -104.36558663026024, ""5905"": -105.31388373645085, ""5940"": -107.86083488823138, ""5960"": -103.44995566244833}",96.79618503767976,20.57185211661757,91.50527584891363,Clear,False,None,Rural,Low,5120,646.043193536935
41,"[33.54683399524162, 35.26970516239256, 645.8603265485942]","[33.67991554045526, 35.130800299452495, 185.4239385888473]",19607.005300166576,-98.93390746701768,-104.96023481756859,-111.60139465611624,-9.170191676143546,13.822068614678217,80,53.476755123828106,"[5055, 5245, 5320, 5370, 5410, 5455, 5460, 5735, 5850, 5920, 6005, 6035, 6045]","{""5055"": -97.20944617717495, ""5245"": -99.16934148292528, ""5320"": -102.4312029799727, ""5370"": -95.24568054877624, ""5410"": -100.76645310780773, ""5455"": -101.15019252809768, ""5460"": -97.14823875964788, ""5735"": -95.02246579815343, ""5850"": -96.60568517989657, ""5920"": -97.8362307275838, ""6005"": -97.78996289516441, ""6035"": -97.40197106949188, ""6045"": -97.54370152298219}",62.054173561529055,9.833003542337089,86.43427892135789,Cloudy,False,None,Rural,High,5320,0.1559638288193957
42,"[34.488609679611066, 35.99504678498725, 832.2578676311324]","[34.49439243567155, 36.085391211207785, 655.737785286659]",8304.815566437246,-108.67175038435997,-113.95910415602506,-81.10423991667764,30.85486423934742,16.129917121815048,160,16.0219195112434,"[4950, 4970, 4995, 5250, 5345, 5350, 5365, 5415, 5455, 5465, 5470, 5555, 5685, 5715, 5755, 5780, 5830, 5910, 6010, 6065]","{""4950"": -110.25556345917153, ""4970"": -110.52104893919778, ""4995"": -110.77124028697487, ""5250"": -111.8082974784256, ""5345"": -111.09836321042575, ""5350"": -111.95910415602506, ""5365"": -110.82486003531771, ""5415"": -111.95910415602506, ""5455"": -111.95910415602506, ""5465"": -110.40750936839537, ""5470"": -108.58934716560869, ""5555"": -109.29987568612212, ""5685"": -111.95910415602506, ""5715"": -111.95910415602506, ""5755"": -109.26619381314326, ""5780"": -111.95910415602506, ""5830"": -111.01430032012112, ""5910"": -109.85227244658876, ""6010"": -111.95910415602506, ""6065"": -110.51928733590665}",87.70684728907135,41.76961374767154,52.29553640025852,Clear,False,None,Rural,Low,5350,1299.360605727211
43,"[33.42833840508765, 36.21514580664171, 704.2742129204025]","[33.288778094827215, 36.08531581556034, 701.7712592886445]",19652.35906316947,-89.6891870917823,-92.66529411954777,-107.60142567184212,-18.998902335529294,25.26168943597159,40,55.653267294155555,"[4930, 4980, 4990, 5010, 5045, 5050, 5055, 5070, 5120, 5135, 5155, 5170, 5215, 5230, 5235, 5255, 5265, 5270, 5300, 5305, 5340, 5365, 5395, 5405, 5465, 5470, 5475, 5525, 5535, 5560, 5590, 5600, 5615, 5680, 5730, 5750, 5770, 5785, 5800, 5805, 5810, 5840, 5890]","{""4930"": -88.21407097839263, ""4980"": -87.11508420194214, ""4990"": -85.73335983480152, ""5010"": -88.60252333631283, ""5045"": -85.55232062907473, ""5050"": -86.24248943440534, ""5055"": -85.3842978043896, ""5070"": -85.87716153491833, ""5120"": -84.16682209105456, ""5135"": -86.02519598204346, ""5155"": -86.85714104770321, ""5170"": -86.0295864814669, ""5215"": -85.39808569246074, ""5230"": -86.13974263052677, ""5235"": -86.1521451992095, ""5255"": -87.26602026772545, ""5265"": -87.20738411234174, ""5270"": -88.31694064371486, ""5300"": -83.58866762123492, ""5305"": -88.07882758910225, ""5340"": -87.25239053270919, ""5365"": -87.29064363436912, ""5395"": -84.87064617059866, ""5405"": -86.65545725345336, ""5465"": -84.34141962700473, ""5470"": -87.22326867238112, ""5475"": -85.79454149267961, ""5525"": -87.46605331590496, ""5535"": -82.99530904435524, ""5560"": -87.99443036455959, ""5590"": -85.74830167067478, ""5600"": -85.26236741461717, ""5615"": -85.59233408983808, ""5680"": -86.49096422433189, ""5730"": -86.40776378561546, ""5750"": -86.14731552804666, ""5770"": -86.43353573845806, ""5785"": -84.76721406082297, ""5800"": -82.89724823362829, ""5805"": -87.04927041352707, ""5810"": -88.26773720538394, ""5840"": -86.3454558085422, ""5890"": -82.34346872953384}",61.29541295918668,39.624954258356226,47.16129369075655,Rain,True,Vehicle,Urban,Low,5010,0.06337448764101036
44,"[35.128691373631156, 36.40043851193339, 160.81145372508655]","[35.087139028568565, 36.317710996507174, 886.6936293235229]",8830.559148026849,-80.13922208683695,-84.55239755824837,-109.35059701031018,-32.34539691184182,22.23896725241042,20,84.4088663966825,"[4990, 5060, 5295, 5305, 5405, 5420, 5425, 5510, 5570, 5635, 5815, 5820, 5880, 5950]","{""4990"": -77.00520009846836, ""5060"": -73.34101303834767, ""5295"": -73.28313702539911, ""5305"": -76.63007060907576, ""5405"": -74.94621362773586, ""5420"": -73.35709331182096, ""5425"": -76.36837985799501, ""5510"": -76.10505878666731, ""5570"": -76.67220961743674, ""5635"": -77.32182334255307, ""5815"": -76.77360456411279, ""5820"": -77.63559864665716, ""5880"": -75.74856304412494, ""5950"": -76.95464809310174}",38.458274088884835,18.219031060005346,37.755213821515284,Cloudy,True,Vehicle,Urban,High,4990,0.03168724382050518
45,"[35.040326971948744, 35.6890295614054, 790.7743357271186]","[35.12440585060023, 35.7309677402154, 167.85700721416293]",10097.980963878843,-105.05476980986319,-106.35050548631038,-79.79082677729248,24.559678709017902,28.69475673278155,40,12.436685646801097,"[4935, 4950, 5000, 5015, 5060, 5095, 5115, 5150, 5220, 5250, 5260, 5285, 5330, 5540, 5560, 5580, 5605, 5620, 5640, 5655, 5670, 5685, 5695, 5700, 5710, 5720, 5740, 5820, 5980, 6005, 6045, 6100]","{""4935"": -103.00489176688018, ""4950"": -104.35050548631038, ""5000"": -102.8592502862446, ""5015"": -102.10527719215291, ""5060"": -104.35050548631038, ""5095"": -102.79448577979494, ""5115"": -101.51406714585636, ""5150"": -104.35050548631038, ""5220"": -100.84671205430973, ""5250"": -102.72704212051723, ""5260"": -104.35050548631038, ""5285"": -103.43922425105285, ""5330"": -102.51808026578371, ""5540"": -103.24156254744767, ""5560"": -102.54743664589674, ""5580"": -104.35050548631038, ""5605"": -103.10152939851218, ""5620"": -104.35050548631038, ""5640"": -103.52240972658934, ""5655"": -104.35050548631038, ""5670"": -104.35050548631038, ""5685"": -101.50143087175064, ""5695"": -101.7186054536749, ""5700"": -102.44186345320553, ""5710"": -104.35050548631038, ""5720"": -103.83018330910849, ""5740"": -101.53592408459753, ""5820"": -103.14299526410643, ""5980"": -99.87657632459376, ""6005"": -102.76559387547474, ""6045"": -103.06749695983125, ""6100"": -103.81924533087005}",66.9394497506222,37.803476734503704,52.44637148614812,Cloudy,True,Tree,Rural,Medium,4950,189.00307025399937
46,"[33.63242513910589, 36.14427440489213, 558.207041560837]","[33.49151090868032, 36.260973469326814, 493.2918477748045]",19037.792154113027,-97.04856183115409,-102.55747040453795,-133.9960593127246,-33.945992869146096,13.161608940304143,160,46.709248129852,"[4960, 5020, 5035, 5055, 5065, 5080, 5100, 5140, 5160, 5205, 5215, 5240, 5270, 5300, 5305, 5315, 5335, 5340, 5370, 5390, 5410, 5435, 5475, 5490, 5495, 5555, 5615, 5635, 5675, 5685, 5815, 5820, 5835, 5870, 5975, 6000, 6060, 6070, 6075, 6080]","{""4960"": -96.62041919697637, ""5020"": -97.0494353087206, ""5035"": -95.75856753911691, ""5055"": -95.38567707895791, ""5065"": -97.99971474491171, ""5080"": -98.81757998448646, ""5100"": -99.57503861380474, ""5140"": -96.05874356378098, ""5160"": -98.4757804634106, ""5205"": -100.05006644357852, ""5215"": -96.23786264735335, ""5240"": -93.0812312780006, ""5270"": -96.82983692145963, ""5300"": -95.56299439247233, ""5305"": -96.69798651632844, ""5315"": -96.9690650339365, ""5335"": -95.44211582966814, ""5340"": -97.25614237043277, ""5370"": -96.41964208304194, ""5390"": -96.33818384485578, ""5410"": -97.82286623461437, ""5435"": -95.33266702984501, ""5475"": -97.0831701891929, ""5490"": -97.95434829338906, ""5495"": -96.01596578879419, ""5555"": -98.16843252683634, ""5615"": -96.7784588180961, ""5635"": -96.8344090491161, ""5675"": -95.19188720540242, ""5685"": -96.10868320482986, ""5815"": -96.8582709922675, ""5820"": -95.59408110534936, ""5835"": -94.73541923062382, ""5870"": -95.984015094622, ""5975"": -96.80520162438472, ""6000"": -98.78848490267504, ""6060"": -98.41840104876285, ""6070"": -97.27856761068179, ""6075"": -97.73499885738872, ""6080"": -97.10118750862796}",89.25784848186532,17.698406454244715,91.74876274658037,Storm,False,None,Rural,High,5205,0.25349795056404145
47,"[34.40044535321205, 36.758151327200835, 450.14639437752055]","[34.27746008172519, 36.72612398243482, 414.2214247598091]",13987.923406424106,-104.50560017512987,-104.57101942270779,-107.61450103789346,-5.043481615185669,12.149941687424148,40,24.50321867412253,"[4955, 4965, 4990, 5050, 5145, 5255, 5265, 5360, 5365, 5390, 5410, 5415, 5475, 5545, 5600, 5605, 5615, 5625, 5680, 5695, 5770, 5830, 5875, 5955, 6090, 6095]","{""4955"": -100.52578704143232, ""4965"": -99.81622279724289, ""4990"": -100.71651009586662, ""5050"": -99.88100946303868, ""5145"": -100.51405030656281, ""5255"": -102.57101942270779, ""5265"": -102.01976501950612, ""5360"": -100.82689326236041, ""5365"": -102.42530404303965, ""5390"": -99.71086883378368, ""5410"": -98.31463568026244, ""5415"": -98.78261915123201, ""5475"": -100.9309262351733, ""5545"": -98.37467272350307, ""5600"": -100.38776074297482, ""5605"": -101.11639088545505, ""5615"": -101.5308659240894, ""5625"": -101.06446645851018, ""5680"": -101.19302715658984, ""5695"": -100.35513759521476, ""5770"": -100.3699009572032, ""5830"": -100.60619289854787, ""5875"": -99.95535467415847, ""5955"": -98.82479251659848, ""6090"": -99.186430725616, ""6095"": -102.57101942270779}",47.77972225453405,11.5860691762487,36.135831689468084,Cloudy,False,None,Rural,High,5255,0.21872220782459387
48,"[34.11959500897446, 36.973575328872876, 504.25949525355514]","[34.07927692093835, 36.86685553668356, 544.2043412898827]",10800.790392160896,-92.57648215939145,-93.768007476003,-99.77743879594148,-10.254604350988842,27.862633841560147,40,75.95068416754133,"[4920, 5040, 5105, 5280, 5290, 5305, 5320, 5330, 5370, 5400, 5430, 5505, 5525, 5545, 5550, 5580, 5620, 5645, 5655, 5680, 5685, 5760, 5805, 5845, 5915, 5940, 5960, 5975, 6060, 6090]","{""4920"": -89.52283444495264, ""5040"": -84.29047287574079, ""5105"": -87.74227079022283, ""5280"": -86.02910084543872, ""5290"": -87.44712228168873, ""5305"": -88.39492339896972, ""5320"": -84.87975865029252, ""5330"": -84.55322000214574, ""5370"": -86.55671834368978, ""5400"": -89.57851618081706, ""5430"": -86.51131941497843, ""5505"": -85.10424673449589, ""5525"": -87.9103200957609, ""5545"": -85.41691286293097, ""5550"": -85.7149175163592, ""5580"": -84.82301549319807, ""5620"": -85.51258218997847, ""5645"": -87.15155615392203, ""5655"": -83.89709549010297, ""5680"": -85.92974710214015, ""5685"": -85.7329095518646, ""5760"": -87.0918546812095, ""5805"": -86.35687611938697, ""5845"": -87.01915681364005, ""5915"": -85.95137183248484, ""5940"": -83.12439002238618, ""5960"": -87.74980445699674, ""5975"": -88.11229483941482, ""6060"": -83.4851972513593, ""6090"": -86.0059382583275}",46.85181867837602,-2.8707424340474876,57.50584276779829,Fog,True,Vehicle,Urban,Medium,4920,0.06337448764101036
49,"[34.42377064225518, 36.9341413923441, 705.6990723311221]","[34.506619249806796, 36.95743171110336, 650.6531005051945]",9456.548338816465,-87.63310063169025,-93.07891579209569,-125.0530832473373,-39.47565413689401,10.631410266841987,20,81.3136973705283,"[4920, 4975, 5075, 5090, 5160, 5165, 5300, 5425, 5435, 5460, 5500, 5540, 5560, 5680, 5780, 5800, 5830, 5840, 5890, 5985, 6015, 6075]","{""4920"": -85.57742911044329, ""4975"": -83.0139629713593, ""5075"": -85.48224331205871, ""5090"": -81.83480543213301, ""5160"": -83.55693119544452, ""5165"": -85.30568711467197, ""5300"": -81.33785768255517, ""5425"": -85.48239238695842, ""5435"": -83.46067694443946, ""5460"": -84.12488113184368, ""5500"": -82.62120806835523, ""5540"": -82.23155320736313, ""5560"": -84.52581377885477, ""5680"": -85.7039468079727, ""5780"": -83.88386178804474, ""5800"": -85.59039305708158, ""5830"": -81.55373913116348, ""5840"": -84.36901700582932, ""5890"": -85.12180232942158, ""5985"": -84.29679954365606, ""6015"": -86.59450943674797, ""6075"": -86.0312410602194}",61.876884291193086,19.638919633360103,56.03365877858105,Snow,False,None,Urban,High,4920,0.03168724382050518
